Year,County_of_Residence,County_of_Residence_FIPS,Births,Ave_Age_of_Mother,Ave_OE_Gestational_Age_Wks,Ave_LMP_Gestational_Age_Wks,Ave_Birth_Weight_gms,Ave_Pre_pregnancy_BMI,Ave_Number_of_Prenatal_Wks
2016-01-01,"Los Angeles County, CA",06037,123092,29.9,38.56,38.66,3260.01,26.16,11.99
2016-01-01,"Harris County, TX",48201,72420,28.52,38.27,38.4,3223.41,26.82,9.72
2016-01-01,"Cook County, IL",17031,66779,29.64,38.42,38.56,3233.71,26.89,10.8
2016-01-01,"Unidentified Counties, TX",48999,59168,26.53,38.31,38.44,3246.56,27.59,10.43
2016-01-01,"Maricopa County, AZ",04013,54126,28.37,38.5,38.64,3287.15,26.6,11.13
2016-01-01,"San Diego County, CA",06073,42720,29.79,38.67,38.76,3310.33,25.84,11.46
2016-01-01,"Unidentified Counties, GA",13999,41842,26.7,38.21,38.38,3201.92,27.98,11.25
2016-01-01,"Kings County, NY",36047,40802,29.96,38.7,38.81,3240.91,24.88,11.04
2016-01-01,"Dallas County, TX",48113,40379,28.18,38.61,38.68,3244.14,25.75,9.61
2016-01-01,"Unidentified Counties, VA",51999,38748,28.08,38.56,38.75,3282.03,27.71,11.54
2016-01-01,"Orange County, CA",06059,38106,30.67,38.61,38.71,3288.58,25.07,12.67
2016-01-01,"Unidentified Counties, KY",21999,34379,26.58,38.24,38.53,3263.57,27.79,11.69
2016-01-01,"Miami-Dade County, FL",12086,32697,29.77,38.36,38.49,3214.67,25.63,11.79
2016-01-01,"Unidentified Counties, NC",37999,31354,27.17,38.38,38.61,3233.62,27.86,12.1
2016-01-01,"San Bernardino County, CA",06071,31032,28.25,38.47,38.55,3261.33,26.96,11.34
2016-01-01,"Riverside County, CA",06065,30661,28.59,38.57,38.66,3292.17,26.92,11.49
2016-01-01,"Unidentified Counties, MO",29999,30617,27.0,38.47,38.64,3292.23,27.28,11.12
2016-01-01,"Unidentified Counties, OH",39999,30573,27.09,38.44,38.7,3303.38,27.34,11.5
2016-01-01,"Unidentified Counties, TN",47999,30549,26.55,38.26,38.44,3244.29,27.35,11.23
2016-01-01,"Queens County, NY",36081,30377,30.38,38.61,38.77,3225.41,25.13,11.05
2016-01-01,"Unidentified Counties, IN",18999,29457,27.1,38.54,38.69,3303.32,27.39,11.49
2016-01-01,"Tarrant County, TX",48439,28745,28.34,38.36,38.47,3256.29,27.03,9.45
2016-01-01,"Bexar County, TX",48029,27968,27.89,38.22,38.33,3216.37,27.47,10.93
2016-01-01,"Clark County, NV",32003,27388,28.5,38.38,38.57,3220.08,26.36,11.92
2016-01-01,"Unidentified Counties, MS",28999,26371,26.34,37.98,38.16,3135.99,28.58,11.72
2016-01-01,"King County, WA",53033,26022,31.24,38.81,38.96,3333.74,25.41,11.41
2016-01-01,"Unidentified Counties, OK",40999,24202,26.32,38.31,38.49,3283.67,27.72,10.47
2016-01-01,"Unidentified Counties, MN",27999,23295,28.55,38.64,38.81,3381.42,27.77,11.33
2016-01-01,"Wayne County, MI",26163,23149,27.87,38.34,38.43,3181.9,27.87,11.65
2016-01-01,"Unidentified Counties, AL",01999,23128,26.46,38.2,38.34,3199.02,28.08,10.63
2016-01-01,"Santa Clara County, CA",06085,23042,31.31,38.67,38.74,3264.41,25.16,11.97
2016-01-01,"Broward County, FL",12011,22563,30.02,38.31,38.39,3193.61,26.09,10.47
2016-01-01,"Unidentified Counties, IL",17999,22481,27.41,38.39,38.66,3296.73,27.92,12.11
2016-01-01,"Unidentified Counties, IA",19999,22392,28.01,38.58,38.86,3367.37,27.42,11.83
2016-01-01,"Unidentified Counties, MI",26999,21808,27.6,38.66,38.9,3344.6,27.76,11.62
2016-01-01,"Unidentified Counties, WI",55999,21572,28.57,38.65,38.87,3382.45,27.88,11.59
2016-01-01,"Philadelphia County, PA",42101,21506,28.4,38.41,38.45,3174.81,26.81,10.07
2016-01-01,"Unidentified Counties, AR",05999,21443,26.02,38.3,38.49,3234.79,27.66,10.32
2016-01-01,"Bronx County, NY",36005,21161,28.9,38.56,38.63,3198.5,27.02,10.86
2016-01-01,"Unidentified Counties, LA",22999,20434,26.48,38.08,38.17,3171.49,28.23,11.58
2016-01-01,"Sacramento County, CA",06067,19588,29.22,38.68,38.79,3331.86,27.15,12.12
2016-01-01,"Alameda County, CA",06001,19573,31.17,38.69,38.84,3290.58,25.68,10.87
2016-01-01,"Franklin County, OH",39049,19045,28.88,38.42,38.54,3234.41,26.51,10.6
2016-01-01,"Unidentified Counties, NY",36999,18322,28.07,38.72,38.95,3347.63,27.97,11.73
2016-01-01,"Salt Lake County, UT",49035,17612,28.92,38.47,38.64,3261.03,26.13,10.93
2016-01-01,"New York County, NY",36061,17587,32.16,38.72,38.8,3237.02,23.75,11.34
2016-01-01,"Hillsborough County, FL",12057,17325,28.69,38.42,38.64,3241.03,26.02,10.9
2016-01-01,"Unidentified Counties, KS",20999,17323,27.35,38.53,38.55,3317.48,27.35,10.99
2016-01-01,"Middlesex County, MA",25017,17198,31.93,38.75,38.94,3317.14,25.08,12.24
2016-01-01,"Orange County, FL",12095,16653,29.13,38.38,38.39,3231.74,26.34,9.75
2016-01-01,"Hennepin County, MN",27053,16495,30.57,38.72,38.88,3317.99,26.42,11.76
2016-01-01,"Unidentified Counties, PA",42999,16421,27.59,38.72,38.94,3326.89,27.37,11.45
2016-01-01,"Travis County, TX",48453,15992,29.77,38.52,38.66,3281.63,25.71,12.15
2016-01-01,"Unidentified Counties, WV",54999,15718,26.81,38.27,38.51,3236.49,27.7,11.92
2016-01-01,"Suffolk County, NY",36103,15559,30.53,38.49,38.67,3277.25,26.74,10.76
2016-01-01,"Fresno County, CA",06019,15129,27.95,38.51,38.55,3272.81,27.87,13.64
2016-01-01,"Hidalgo County, TX",48215,14982,26.77,37.99,38.14,3191.8,27.89,10.74
2016-01-01,"Palm Beach County, FL",12099,14965,29.65,38.42,38.54,3234.42,26.06,11.43
2016-01-01,"Mecklenburg County, NC",37119,14881,29.56,38.56,38.68,3225.91,26.07,12.69
2016-01-01,"Cuyahoga County, OH",39035,14758,28.41,38.32,38.48,3171.25,27.33,11.54
2016-01-01,"Fairfax County, VA",51059,14525,31.52,38.56,38.7,3285.91,25.36,11.86
2016-01-01,"Nassau County, NY",36059,14329,31.48,38.55,38.73,3261.33,25.75,11.49
2016-01-01,"Marion County, IN",18097,14294,27.93,38.38,38.48,3227.82,27.86,11.56
2016-01-01,"Kern County, CA",06029,13728,27.5,38.58,38.67,3290.64,27.48,10.94
2016-01-01,"Oakland County, MI",26125,13665,30.26,38.54,38.69,3279.37,25.93,13.36
2016-01-01,"Milwaukee County, WI",55079,13658,28.25,38.36,38.51,3210.49,27.74,11.56
2016-01-01,"Duval County, FL",12031,13292,28.14,38.3,38.5,3207.61,27.16,9.72
2016-01-01,"Shelby County, TN",47157,13234,27.52,38.18,38.19,3137.03,27.38,9.14
2016-01-01,"Unidentified Counties, FL",12999,13182,27.06,38.34,38.54,3243.97,27.46,10.18
2016-01-01,"Allegheny County, PA",42003,13164,29.78,38.57,38.74,3262.77,26.17,12.56
2016-01-01,"Montgomery County, MD",24031,13123,31.47,38.52,38.67,3281.25,25.45,11.25
2016-01-01,"Fulton County, GA",13121,13123,29.56,38.35,38.53,3155.52,26.61,10.57
2016-01-01,"Unidentified Counties, SC",45999,13084,26.75,38.2,38.36,3168.3,28.51,11.9
2016-01-01,"El Paso County, TX",48141,13073,26.7,38.31,38.44,3169.92,26.58,9.7
2016-01-01,"Wake County, NC",37183,13018,30.44,38.61,38.74,3300.2,25.97,11.97
2016-01-01,"Honolulu County, HI",15003,12983,29.35,38.44,38.71,3229.7,26.14,10.79
2016-01-01,"Unidentified Counties, WA",53999,12751,27.92,38.7,38.95,3353.56,27.28,10.88
2016-01-01,"Contra Costa County, CA",06013,12340,30.68,38.65,38.82,3327.74,26.68,11.73
2016-01-01,"Prince George's County, MD",24033,12296,29.36,38.44,38.49,3216.2,27.64,10.1
2016-01-01,"Oklahoma County, OK",40109,12197,27.81,38.34,38.39,3243.07,27.11,10.24
2016-01-01,"Utah County, UT",49049,11971,28.5,38.43,38.62,3299.11,25.2,11.31
2016-01-01,"Pierce County, WA",53053,11756,28.45,38.74,38.95,3353.39,27.24,11.19
2016-01-01,"St. Louis County, MO",29189,11692,29.51,38.33,38.45,3244.18,26.5,11.39
2016-01-01,"Pima County, AZ",04019,11421,28.03,38.61,38.58,3276.42,26.99,10.01
2016-01-01,"Gwinnett County, GA",13135,11365,29.7,38.36,38.51,3224.48,26.59,11.0
2016-01-01,"Unidentified Counties, NE",31999,11274,27.94,38.6,38.69,3336.41,27.1,10.7
2016-01-01,"Collin County, TX",48085,11086,30.53,38.39,38.49,3274.41,25.57,11.21
2016-01-01,"DeKalb County, GA",13089,11060,29.37,38.41,38.44,3177.3,26.48,10.35
2016-01-01,"DuPage County, IL",17043,10832,30.94,38.51,38.69,3316.31,25.94,11.97
2016-01-01,"Hamilton County, OH",39061,10820,28.58,38.35,38.54,3229.49,26.86,11.77
2016-01-01,"Unidentified Counties, ID",16999,10644,27.41,38.56,38.7,3284.28,26.6,10.99
2016-01-01,"Unidentified Counties, CA",06999,10512,28.18,38.73,38.89,3335.9,27.18,11.34
2016-01-01,"Unidentified Counties, OR",41999,10471,28.05,38.72,38.9,3343.65,27.28,11.6
2016-01-01,"Essex County, NJ",34013,10442,29.92,38.4,38.48,3208.11,26.85,9.65
2016-01-01,"Hudson County, NJ",34017,10383,30.68,38.45,38.57,3208.7,25.47,10.1
2016-01-01,"Westchester County, NY",36119,10280,31.54,38.6,38.7,3266.95,25.88,11.18
2016-01-01,"San Joaquin County, CA",06077,10268,28.49,38.56,38.71,3292.64,27.53,12.55
2016-01-01,"Denton County, TX",48121,10195,29.68,38.41,38.51,3282.78,26.06,10.65
2016-01-01,"Fairfield County, CT",09001,10064,31.3,38.64,38.76,3297.4,25.56,12.09
2016-01-01,"Snohomish County, WA",53061,10041,29.84,38.77,38.95,3370.84,26.41,11.22
2016-01-01,"Davidson County, TN",47037,10023,28.96,38.46,38.49,3248.82,26.25,9.97
2016-01-01,"Denver County, CO",08031,10006,29.89,38.7,38.71,3182.71,25.74,10.29
2016-01-01,"Fort Bend County, TX",48157,9976,30.59,38.23,38.37,3222.17,25.93,9.79
2016-01-01,"Erie County, NY",36029,9916,29.12,38.51,38.7,3267.11,27.47,10.28
2016-01-01,"Jefferson County, KY",21111,9889,28.3,38.33,38.61,3232.47,27.13,11.59
2016-01-01,"District of Columbia, DC",11001,9858,30.24,38.56,38.62,3207.44,25.78,10.34
2016-01-01,"Baltimore County, MD",24005,9838,29.75,38.43,38.57,3258.67,27.05,9.96
2016-01-01,"Unidentified Counties, NM",35999,9799,26.55,38.44,38.59,3191.47,27.47,9.91
2016-01-01,"Tulsa County, OK",40143,9639,27.78,38.28,38.36,3265.58,27.0,10.5
2016-01-01,"Ventura County, CA",06111,9592,29.62,38.67,38.76,3331.46,26.52,12.59
2016-01-01,"Cobb County, GA",13067,9579,29.89,38.44,38.66,3254.64,26.53,12.68
2016-01-01,"El Paso County, CO",08041,9490,28.13,38.5,38.65,3174.07,26.56,9.14
2016-01-01,"Bergen County, NJ",34003,9464,32.0,38.43,38.59,3243.36,25.18,11.32
2016-01-01,"Hartford County, CT",09003,9442,29.8,38.43,38.57,3250.85,26.77,10.83
2016-01-01,"Macomb County, MI",26099,9416,29.11,38.39,38.56,3253.58,27.11,12.73
2016-01-01,"Jackson County, MO",29095,9408,27.91,38.49,38.56,3247.12,27.19,10.8
2016-01-01,"Suffolk County, MA",25025,9384,30.72,38.68,38.8,3258.04,25.78,11.92
2016-01-01,"Middlesex County, NJ",34023,9332,30.56,38.51,38.68,3233.09,26.09,10.77
2016-01-01,"Unidentified Counties, MT",30999,9160,28.08,38.62,38.71,3285.47,26.47,10.75
2016-01-01,"Multnomah County, OR",41051,9081,30.63,38.83,38.97,3349.46,25.95,11.55
2016-01-01,"San Francisco County, CA",06075,9062,32.97,38.77,38.84,3270.46,23.88,11.25
2016-01-01,"San Mateo County, CA",06081,8960,32.04,38.67,38.76,3288.41,25.04,11.53
2016-01-01,"New Haven County, CT",09009,8886,29.76,38.62,38.82,3271.47,26.96,12.79
2016-01-01,"Unidentified Counties, CO",08999,8880,28.68,38.65,38.73,3174.96,25.95,10.17
2016-01-01,"Douglas County, NE",31055,8832,28.96,38.37,38.54,3285.33,26.48,11.46
2016-01-01,"Kent County, MI",26081,8811,28.63,38.55,38.77,3322.47,27.27,11.9
2016-01-01,"Unidentified Counties, ND",38999,8744,27.99,38.53,38.69,3352.26,27.88,10.57
2016-01-01,"Montgomery County, PA",42091,8695,30.95,38.73,38.88,3323.52,25.72,11.15
2016-01-01,"Worcester County, MA",25027,8678,29.71,38.69,38.88,3310.86,26.58,11.49
2016-01-01,"Jefferson County, AL",01073,8655,28.12,38.27,38.34,3174.79,27.17,10.61
2016-01-01,"Ocean County, NJ",34029,8566,29.27,38.81,39.13,3336.36,24.93,10.78
2016-01-01,"Baltimore city, MD",24510,8504,27.98,38.24,38.38,3136.78,27.79,9.76
2016-01-01,"Pinellas County, FL",12103,8480,28.92,38.56,38.78,3270.94,26.12,11.15
2016-01-01,"Essex County, MA",25009,8386,30.06,38.68,38.88,3309.59,26.21,11.7
2016-01-01,"Monroe County, NY",36055,8004,29.32,38.67,38.85,3293.08,27.29,10.98
2016-01-01,"Arapahoe County, CO",08005,7910,29.59,38.59,38.65,3183.67,26.05,10.21
2016-01-01,"Unidentified Counties, SD",46999,7867,27.9,38.6,38.64,3343.12,26.83,10.38
2016-01-01,"Stanislaus County, CA",06099,7862,28.12,38.64,38.82,3323.59,27.91,12.09
2016-01-01,"Will County, IL",17197,7804,29.71,38.36,38.54,3298.48,26.9,11.1
2016-01-01,"Polk County, FL",12105,7804,27.33,38.43,38.66,3265.21,27.63,10.0
2016-01-01,"Ramsey County, MN",27123,7731,29.38,38.74,38.93,3301.15,27.02,11.02
2016-01-01,"Lake County, IL",17097,7660,29.95,38.44,38.65,3292.96,26.94,11.91
2016-01-01,"Bernalillo County, NM",35001,7574,28.29,38.4,38.56,3184.83,26.43,9.63
2016-01-01,"Unidentified Counties, WY",56999,7386,27.75,38.51,38.62,3204.37,26.25,10.77
2016-01-01,"Johnson County, KS",20091,7360,30.4,38.69,38.72,3357.55,25.66,11.99
2016-01-01,"Montgomery County, TX",48339,7347,28.53,38.49,38.67,3309.24,26.33,10.31
2016-01-01,"Norfolk County, MA",25021,7341,32.18,38.72,38.89,3329.26,24.97,11.92
2016-01-01,"Sedgwick County, KS",20173,7309,27.7,38.43,38.45,3299.48,27.22,10.9
2016-01-01,"Providence County, RI",44007,7275,28.8,38.55,38.74,3263.44,26.74,12.06
2016-01-01,"Tulare County, CA",06107,7146,27.49,38.48,38.69,3306.7,27.98,11.74
2016-01-01,"Lancaster County, PA",42071,7000,28.65,38.67,38.88,3355.45,25.94,10.87
2016-01-01,"Washington County, OR",41067,6983,30.21,38.8,38.86,3331.61,26.19,11.25
2016-01-01,"Anne Arundel County, MD",24003,6967,30.09,38.57,38.77,3303.94,26.64,9.86
2016-01-01,"Polk County, IA",19153,6921,28.81,38.52,38.89,3333.24,26.9,12.02
2016-01-01,"Cameron County, TX",48061,6893,26.49,38.19,38.28,3213.46,28.03,11.76
2016-01-01,"Prince William County, VA",51153,6845,29.93,38.52,38.77,3292.79,26.67,11.55
2016-01-01,"Passaic County, NJ",34031,6842,29.26,38.3,38.45,3220.4,26.71,10.98
2016-01-01,"Unidentified Counties, UT",49999,6811,27.95,38.34,38.54,3231.14,26.21,10.8
2016-01-01,"Union County, NJ",34039,6756,30.56,38.55,38.67,3275.38,26.69,10.09
2016-01-01,"Lee County, FL",12071,6750,28.3,38.33,38.49,3253.85,26.96,10.22
2016-01-01,"Kane County, IL",17089,6710,29.44,38.32,38.5,3297.78,27.55,11.13
2016-01-01,"Unidentified Counties, AK",02999,6691,27.81,38.7,38.84,3427.22,26.91,10.57
2016-01-01,"Adams County, CO",08001,6672,28.49,38.65,38.77,3206.25,27.16,10.07
2016-01-01,"Montgomery County, OH",39113,6631,27.63,38.3,38.43,3234.98,27.46,11.61
2016-01-01,"Delaware County, PA",42045,6575,30.15,38.56,38.6,3268.95,26.22,9.86
2016-01-01,"Williamson County, TX",48491,6535,30.02,38.42,38.56,3305.35,26.18,12.23
2016-01-01,"New Castle County, DE",10003,6501,29.29,38.45,38.46,3253.79,27.27,10.94
2016-01-01,"Greenville County, SC",45045,6298,28.71,38.51,38.69,3283.24,26.72,12.52
2016-01-01,"Guilford County, NC",37081,6259,28.56,38.45,38.58,3237.05,27.59,13.5
2016-01-01,"Camden County, NJ",34007,6226,29.24,38.45,38.65,3249.5,27.51,9.93
2016-01-01,"Monterey County, CA",06053,6219,28.66,38.71,38.81,3337.35,27.67,11.97
2016-01-01,"Spokane County, WA",53063,6145,28.29,38.61,38.97,3322.22,26.77,11.24
2016-01-01,"Bell County, TX",48027,6140,26.69,38.36,38.59,3232.72,26.94,11.44
2016-01-01,"East Baton Rouge Parish, LA",22033,6125,27.93,38.07,38.13,3149.74,28.05,10.3
2016-01-01,"Jefferson County, CO",08059,6104,30.39,38.83,38.83,3234.17,25.39,10.54
2016-01-01,"Dane County, WI",55025,6052,30.58,38.65,38.85,3339.76,26.03,12.38
2016-01-01,"Summit County, OH",39153,5996,28.42,38.42,38.57,3246.6,26.8,11.13
2016-01-01,"Monmouth County, NJ",34025,5960,31.18,38.55,38.78,3293.22,25.58,11.17
2016-01-01,"Bucks County, PA",42017,5958,30.69,38.67,38.82,3336.55,25.89,11.07
2016-01-01,"Virginia Beach city, VA",51810,5925,28.97,38.51,38.87,3291.02,26.52,12.34
2016-01-01,"Jefferson Parish, LA",22051,5887,28.37,38.27,38.37,3192.23,27.4,11.21
2016-01-01,"Davis County, UT",49011,5698,29.02,38.39,38.55,3273.54,25.63,11.46
2016-01-01,"Clark County, WA",53011,5665,28.91,38.83,38.88,3356.59,26.52,11.08
2016-01-01,"Lake County, IN",18089,5657,28.07,38.5,38.53,3263.22,27.9,10.74
2016-01-01,"Bristol County, MA",25005,5643,29.29,38.63,38.81,3281.29,26.75,12.19
2016-01-01,"Lucas County, OH",39095,5627,27.54,38.3,38.46,3220.04,27.53,10.94
2016-01-01,"Unidentified Counties, MD",24999,5527,28.16,38.52,38.78,3303.83,27.53,11.4
2016-01-01,"Mobile County, AL",01097,5504,26.95,37.96,38.22,3144.94,27.58,10.95
2016-01-01,"Santa Barbara County, CA",06083,5501,28.94,38.62,38.66,3296.69,26.61,13.5
2016-01-01,"Richmond County, NY",36085,5464,30.49,38.64,38.77,3265.67,25.81,12.86
2016-01-01,"Cumberland County, NC",37051,5446,26.83,38.35,38.67,3234.77,27.01,11.5
2016-01-01,"Rockland County, NY",36087,5440,29.91,38.92,39.15,3318.09,25.78,11.12
2016-01-01,"Washoe County, NV",32031,5387,28.48,38.52,38.8,3245.65,26.61,10.58
2016-01-01,"Pulaski County, AR",05119,5348,27.64,38.26,38.57,3186.16,25.7,10.17
2016-01-01,"Loudoun County, VA",51107,5335,31.61,38.58,38.79,3311.53,25.25,12.24
2016-01-01,"Chester County, PA",42029,5325,30.77,38.72,38.89,3354.86,25.31,9.79
2016-01-01,"Dakota County, MN",27037,5291,30.27,38.7,38.93,3374.57,27.03,12.28
2016-01-01,"Brevard County, FL",12009,5273,28.51,38.51,38.8,3287.98,26.14,11.78
2016-01-01,"Knox County, TN",47093,5272,28.56,38.46,38.5,3274.72,26.48,13.28
2016-01-01,"Solano County, CA",06095,5259,29.34,38.69,38.88,3349.42,27.54,11.33
2016-01-01,"Onondaga County, NY",36067,5242,29.05,38.68,38.95,3312.58,27.33,12.97
2016-01-01,"Webb County, TX",48479,5189,26.57,38.09,38.13,3193.22,27.53,9.76
2016-01-01,"Allen County, IN",18003,5151,27.97,38.58,38.63,3255.33,27.49,11.85
2016-01-01,"Plymouth County, MA",25023,5135,30.79,38.68,38.85,3347.99,26.2,12.23
2016-01-01,"Pasco County, FL",12101,5108,28.49,38.48,38.74,3275.61,26.37,11.37
2016-01-01,"Ada County, ID",16001,5045,29.43,38.65,38.81,3340.88,25.84,12.01
2016-01-01,"Volusia County, FL",12127,5032,27.91,38.5,38.73,3271.01,26.53,11.35
2016-01-01,"Charleston County, SC",45019,5015,29.85,38.43,38.53,3248.2,26.25,11.95
2016-01-01,"Orange County, NY",36071,4993,29.35,38.73,38.93,3295.74,26.65,10.3
2016-01-01,"York County, PA",42133,4974,28.26,38.52,38.72,3306.31,27.13,11.19
2016-01-01,"Sonoma County, CA",06097,4962,30.24,38.83,38.98,3361.14,26.71,11.39
2016-01-01,"Hampden County, MA",25013,4956,28.26,38.67,38.9,3297.77,27.45,11.8
2016-01-01,"Orleans Parish, LA",22071,4835,28.75,38.22,38.36,3141.12,26.97,10.7
2016-01-01,"Genesee County, MI",26049,4819,27.1,38.23,38.47,3206.53,27.65,11.78
2016-01-01,"Richland County, SC",45079,4810,28.58,38.15,38.19,3180.48,28.13,11.34
2016-01-01,"Brazoria County, TX",48039,4800,28.61,38.25,38.38,3246.82,27.16,10.12
2016-01-01,"Berks County, PA",42011,4786,27.95,38.58,38.76,3280.59,26.78,15.06
2016-01-01,"Seminole County, FL",12117,4753,29.62,38.52,38.73,3288.6,26.34,10.34
2016-01-01,"Nueces County, TX",48355,4738,27.1,38.3,38.33,3235.12,27.62,8.93
2016-01-01,"Morris County, NJ",34027,4633,32.01,38.6,38.74,3305.67,25.39,11.06
2016-01-01,"Marion County, OR",41047,4539,28.16,38.7,38.97,3373.95,27.74,11.83
2016-01-01,"Anchorage Borough, AK",02020,4518,28.6,38.59,38.78,3358.26,27.2,11.3
2016-01-01,"Forsyth County, NC",37067,4496,28.48,38.39,38.79,3220.16,27.06,14.47
2016-01-01,"St. Charles County, MO",29183,4487,29.67,38.42,38.58,3334.37,26.3,12.17
2016-01-01,"Pinal County, AZ",04021,4470,27.54,38.59,38.7,3333.45,27.75,11.65
2016-01-01,"Butler County, OH",39017,4452,28.31,38.42,38.61,3307.3,27.32,11.93
2016-01-01,"Burlington County, NJ",34005,4419,30.23,38.55,38.7,3305.61,26.8,10.81
2016-01-01,"Durham County, NC",37063,4346,29.68,38.6,38.75,3269.32,26.72,13.34
2016-01-01,"Osceola County, FL",12097,4328,28.43,38.44,38.54,3239.32,26.74,11.42
2016-01-01,"St. Louis city, MO",29510,4317,27.94,38.18,38.22,3120.25,27.13,10.26
2016-01-01,"Weld County, CO",08123,4306,28.17,38.67,38.73,3239.86,26.89,10.8
2016-01-01,"Hamilton County, TN",47065,4293,28.07,38.25,38.24,3209.0,26.53,11.57
2016-01-01,"Mercer County, NJ",34021,4280,29.88,38.53,38.65,3255.87,26.53,10.91
2016-01-01,"Lubbock County, TX",48303,4273,27.02,38.36,38.55,3220.07,27.03,10.71
2016-01-01,"Lehigh County, PA",42077,4253,28.6,38.63,38.78,3278.08,26.65,12.42
2016-01-01,"Hillsborough County, NH",33011,4240,29.45,38.86,39.03,3346.59,26.81,12.6
2016-01-01,"Stark County, OH",39151,4236,27.76,38.48,38.7,3281.94,27.28,10.63
2016-01-01,"Madison County, AL",01089,4228,28.32,38.1,38.23,3210.99,27.25,10.03
2016-01-01,"Anoka County, MN",27003,4223,29.72,38.7,38.92,3372.51,27.33,11.41
2016-01-01,"Unidentified Counties, VT",50999,4204,28.81,38.86,39.05,3351.92,27.42,12.78
2016-01-01,"Clackamas County, OR",41005,4199,29.7,38.77,38.97,3387.54,26.24,11.69
2016-01-01,"Galveston County, TX",48167,4167,28.33,38.29,38.4,3236.89,27.14,9.05
2016-01-01,"Rutherford County, TN",47149,4130,28.32,38.15,38.24,3245.59,27.01,10.92
2016-01-01,"Merced County, CA",06047,4117,27.61,38.58,38.76,3317.11,28.61,10.41
2016-01-01,"Fayette County, KY",21067,4090,29.0,38.32,38.51,3247.12,26.43,12.12
2016-01-01,"Unidentified Counties, ME",23999,4083,27.79,38.75,38.99,3363.28,27.92,12.7
2016-01-01,"Lancaster County, NE",31109,4019,29.26,38.43,38.58,3329.3,26.31,10.73
2016-01-01,"Waukesha County, WI",55133,4008,30.77,38.49,38.72,3353.59,26.05,13.1
2016-01-01,"Chatham County, GA",13051,3975,28.16,38.24,38.38,3178.28,27.85,9.88
2016-01-01,"Escambia County, FL",12033,3967,27.33,38.22,38.45,3211.61,27.39,10.36
2016-01-01,"Onslow County, NC",37133,3960,26.25,38.67,39.3,3333.83,26.05,14.51
2016-01-01,"Yakima County, WA",53077,3935,27.35,38.56,38.66,3304.31,28.28,11.46
2016-01-01,"Henrico County, VA",51087,3903,30.01,38.42,38.61,3259.99,26.8,11.87
2016-01-01,"Chesterfield County, VA",51041,3885,29.55,38.44,38.75,3290.53,27.27,11.51
2016-01-01,"Weber County, UT",49057,3876,27.66,38.33,38.55,3238.52,26.67,10.84
2016-01-01,"Clayton County, GA",13063,3809,27.61,38.24,38.5,3115.83,28.68,9.42
2016-01-01,"Hamilton County, IN",18057,3798,31.0,38.5,38.59,3335.15,26.38,13.15
2016-01-01,"Placer County, CA",06061,3732,30.43,38.84,38.9,3389.64,25.7,12.39
2016-01-01,"Winnebago County, IL",17201,3711,27.76,38.4,38.58,3262.8,28.34,12.88
2016-01-01,"Washtenaw County, MI",26161,3692,30.39,38.59,38.84,3288.02,25.93,15.62
2016-01-01,"Spartanburg County, SC",45083,3690,27.42,38.31,38.5,3253.52,27.62,11.85
2016-01-01,"Benton County, AR",05007,3622,28.33,38.42,38.69,3315.55,26.69,11.33
2016-01-01,"Greene County, MO",29077,3579,27.59,38.54,38.72,3321.33,26.84,11.3
2016-01-01,"Jefferson County, TX",48245,3578,26.9,38.26,38.35,3180.99,27.26,10.3
2016-01-01,"St. Joseph County, IN",18141,3577,27.84,38.59,38.64,3268.8,27.08,11.07
2016-01-01,"Howard County, MD",24027,3569,31.46,38.51,38.68,3270.17,25.7,9.88
2016-01-01,"Lane County, OR",41039,3554,28.71,38.81,38.94,3353.75,26.82,11.96
2016-01-01,"Norfolk city, VA",51710,3547,27.12,38.34,38.63,3194.21,27.37,12.19
2016-01-01,"Douglas County, CO",08035,3488,31.32,38.59,38.61,3221.07,24.69,11.12
2016-01-01,"Unidentified Counties, NV",32999,3485,27.58,38.45,38.72,3218.08,27.12,10.27
2016-01-01,"Marion County, FL",12083,3472,27.0,38.43,38.6,3219.97,27.14,10.13
2016-01-01,"Manatee County, FL",12081,3445,28.23,38.54,38.67,3283.94,27.01,11.26
2016-01-01,"Montgomery County, TN",47125,3443,26.96,38.5,38.57,3283.09,26.54,10.62
2016-01-01,"Ottawa County, MI",26139,3441,28.83,38.68,38.98,3407.91,26.62,11.22
2016-01-01,"Dauphin County, PA",42043,3437,28.25,38.48,38.64,3248.22,26.91,10.05
2016-01-01,"Ingham County, MI",26065,3414,28.35,38.58,38.81,3269.07,27.37,13.25
2016-01-01,"McLennan County, TX",48309,3376,26.97,38.36,38.55,3269.01,27.58,10.6
2016-01-01,"Larimer County, CO",08069,3375,30.0,38.67,38.75,3239.95,25.74,11.67
2016-01-01,"Lafayette Parish, LA",22055,3369,27.84,38.39,38.65,3267.51,26.54,14.71
2016-01-01,"Caddo Parish, LA",22017,3364,26.99,37.7,37.8,3065.03,28.12,11.56
2016-01-01,"Brown County, WI",55009,3336,28.67,38.45,38.72,3340.34,27.53,13.7
2016-01-01,"Collier County, FL",12021,3322,29.11,38.48,38.63,3300.36,26.58,9.67
2016-01-01,"Lorain County, OH",39093,3295,28.12,38.45,38.66,3262.57,27.09,11.62
2016-01-01,"Washington County, AR",05143,3280,27.86,38.35,38.54,3262.88,27.21,10.17
2016-01-01,"Lake County, FL",12069,3269,27.91,38.4,38.51,3273.35,27.16,9.83
2016-01-01,"Lexington County, SC",45063,3264,28.35,38.3,38.22,3290.36,27.57,11.91
2016-01-01,"Somerset County, NJ",34035,3251,31.64,38.53,38.7,3266.01,25.67,11.24
2016-01-01,"St. Clair County, IL",17163,3228,27.88,38.21,38.36,3212.28,28.2,10.11
2016-01-01,"Arlington County, VA",51013,3225,32.53,38.7,38.83,3306.83,24.13,10.96
2016-01-01,"Thurston County, WA",53067,3205,28.89,38.78,38.99,3388.16,26.6,11.17
2016-01-01,"Luzerne County, PA",42079,3193,27.9,38.5,38.69,3259.17,26.81,12.41
2016-01-01,"Unidentified Counties, AZ",04999,3188,26.82,38.46,38.64,3269.96,27.79,9.23
2016-01-01,"Kalamazoo County, MI",26077,3163,28.12,38.81,38.9,3334.13,27.69,14.76
2016-01-01,"Smith County, TX",48423,3160,27.56,38.35,38.56,3267.43,27.22,10.92
2016-01-01,"Kitsap County, WA",53035,3147,28.49,38.81,38.72,3402.53,26.77,10.32
2016-01-01,"Montgomery County, AL",01101,3139,27.22,37.96,38.09,3083.67,28.16,9.95
2016-01-01,"Canyon County, ID",16027,3129,27.25,38.52,38.72,3313.28,27.55,10.74
2016-01-01,"Elkhart County, IN",18039,3126,27.1,38.61,38.74,3306.78,27.64,11.28
2016-01-01,"Hinds County, MS",28049,3123,26.79,37.79,37.93,3039.69,28.72,12.26
2016-01-01,"Horry County, SC",45051,3118,27.77,38.21,38.36,3226.33,26.63,13.04
2016-01-01,"McHenry County, IL",17111,3090,29.94,38.4,38.57,3331.86,26.81,11.86
2016-01-01,"St. Tammany Parish, LA",22103,3089,28.77,38.28,38.43,3263.82,26.55,10.97
2016-01-01,"Erie County, PA",42049,3064,27.76,38.44,38.57,3245.15,26.79,11.16
2016-01-01,"Richmond County, GA",13245,3061,27.0,38.18,38.57,3135.18,27.75,10.85
2016-01-01,"Madison County, IL",17119,3051,28.08,38.41,38.57,3276.59,27.9,10.81
2016-01-01,"Albany County, NY",36001,3045,29.89,38.65,38.74,3310.63,27.25,11.49
2016-01-01,"Calcasieu Parish, LA",22019,3034,26.58,38.14,38.39,3173.54,26.98,10.23
2016-01-01,"Richmond city, VA",51760,3028,28.03,38.36,38.48,3165.46,27.82,10.45
2016-01-01,"Cleveland County, OK",40027,3016,28.4,38.31,38.4,3303.73,26.84,10.97
2016-01-01,"York County, SC",45091,3011,28.6,38.52,38.73,3272.69,26.87,12.06
2016-01-01,"Yuma County, AZ",04027,3007,26.76,38.46,38.67,3311.83,28.1,10.13
2016-01-01,"St. Lucie County, FL",12111,2999,28.41,38.41,38.63,3245.15,27.13,10.12
2016-01-01,"Leon County, FL",12073,2989,28.49,38.5,38.69,3247.48,26.95,9.28
2016-01-01,"Clay County, MO",29047,2962,28.78,38.54,38.68,3323.75,26.68,11.43
2016-01-01,"Westmoreland County, PA",42129,2939,28.99,38.64,38.87,3302.86,26.8,12.72
2016-01-01,"Imperial County, CA",06025,2939,27.62,38.61,38.99,3311.77,27.59,9.1
2016-01-01,"Minnehaha County, SD",46099,2937,28.7,38.82,38.81,3339.69,26.48,11.4
2016-01-01,"Sarasota County, FL",12115,2926,28.69,38.65,38.85,3319.25,25.74,11.7
2016-01-01,"Muscogee County, GA",13215,2912,27.26,38.15,38.35,3158.87,27.33,11.21
2016-01-01,"Midland County, TX",48329,2904,27.06,38.18,38.23,3196.25,26.41,11.1
2016-01-01,"Washington County, MN",27163,2898,30.56,38.69,38.94,3379.33,26.65,11.78
2016-01-01,"Unidentified Counties, NH",33999,2878,28.69,38.92,39.11,3381.89,27.21,12.59
2016-01-01,"Chesapeake city, VA",51550,2877,28.82,38.39,38.84,3282.87,27.07,12.58
2016-01-01,"Alachua County, FL",12001,2862,29.0,38.38,38.53,3216.7,26.84,11.0
2016-01-01,"Dona Ana County, NM",35013,2839,26.68,38.48,38.66,3226.16,27.23,10.36
2016-01-01,"Frederick County, MD",24021,2839,30.05,38.62,38.8,3353.25,26.42,11.27
2016-01-01,"Gloucester County, NJ",34015,2837,30.14,38.57,38.74,3321.92,27.34,10.44
2016-01-01,"Atlantic County, NJ",34001,2836,29.06,38.58,38.71,3270.34,27.09,10.16
2016-01-01,"Northampton County, PA",42095,2831,29.29,38.72,38.84,3287.3,26.71,12.1
2016-01-01,"Cumberland County, ME",23005,2830,30.64,38.82,38.98,3373.28,26.48,12.72
2016-01-01,"Alexandria city, VA",51510,2823,31.58,38.79,38.88,3312.94,24.88,11.75
2016-01-01,"Ector County, TX",48135,2814,26.12,38.0,38.13,3163.87,26.74,10.08
2016-01-01,"Newport News city, VA",51700,2814,27.5,38.37,38.6,3211.3,28.01,11.45
2016-01-01,"Linn County, IA",19113,2800,28.6,38.52,38.75,3337.79,27.15,12.49
2016-01-01,"Santa Cruz County, CA",06087,2799,30.24,38.87,38.97,3362.43,26.25,12.8
2016-01-01,"Harrison County, MS",28047,2790,27.36,38.13,38.25,3190.41,27.29,12.82
2016-01-01,"Okaloosa County, FL",12091,2784,27.78,38.33,38.54,3285.74,26.11,11.39
2016-01-01,"Brazos County, TX",48041,2771,27.95,38.36,38.47,3260.03,26.7,10.22
2016-01-01,"Benton County, WA",53005,2759,28.06,38.67,38.84,3361.49,27.2,10.69
2016-01-01,"Berkeley County, SC",45015,2754,28.2,38.43,38.65,3276.28,27.6,11.73
2016-01-01,"Boulder County, CO",08013,2729,31.16,38.74,38.77,3200.41,24.63,10.31
2016-01-01,"Cherokee County, GA",13057,2700,29.51,38.56,38.78,3328.18,26.32,12.64
2016-01-01,"Harford County, MD",24025,2699,29.7,38.53,38.69,3327.1,26.94,10.66
2016-01-01,"Wyandotte County, KS",20209,2695,27.02,38.4,38.33,3213.99,27.89,10.27
2016-01-01,"Cumberland County, PA",42041,2683,29.26,38.67,38.85,3338.07,26.53,10.26
2016-01-01,"Rockingham County, NH",33015,2654,30.77,38.78,38.99,3362.88,26.01,12.67
2016-01-01,"New London County, CT",09011,2647,29.54,38.65,38.79,3335.05,26.98,12.58
2016-01-01,"Cass County, ND",38017,2639,29.3,38.64,38.9,3355.09,27.1,10.92
2016-01-01,"Jefferson County, MO",29099,2633,28.03,38.44,38.62,3331.46,27.08,11.53
2016-01-01,"Buncombe County, NC",37021,2595,29.44,38.53,38.57,3284.18,25.62,12.13
2016-01-01,"Tuscaloosa County, AL",01125,2591,27.03,38.11,38.2,3158.02,27.88,9.25
2016-01-01,"San Luis Obispo County, CA",06079,2581,29.58,38.75,38.87,3367.71,26.22,12.45
2016-01-01,"Hall County, GA",13139,2574,27.83,38.44,38.6,3299.62,27.34,11.86
2016-01-01,"Peoria County, IL",17143,2536,27.78,38.41,38.55,3265.79,27.91,11.49
2016-01-01,"Gaston County, NC",37071,2524,27.54,38.7,38.78,3238.8,27.31,11.21
2016-01-01,"Dutchess County, NY",36027,2519,30.36,38.61,38.73,3318.96,27.59,10.87
2016-01-01,"Henry County, GA",13151,2511,28.55,38.3,38.66,3203.98,27.54,11.22
2016-01-01,"Mahoning County, OH",39099,2506,27.73,38.14,38.39,3182.4,27.13,12.83
2016-01-01,"Hays County, TX",48209,2502,29.04,38.5,38.66,3287.24,26.63,10.75
2016-01-01,"Oneida County, NY",36065,2497,28.04,38.55,38.75,3316.49,27.58,12.07
2016-01-01,"Butte County, CA",06007,2490,28.5,38.9,39.03,3373.08,27.0,11.02
2016-01-01,"Cabarrus County, NC",37025,2477,29.01,38.53,38.53,3268.16,27.17,11.63
2016-01-01,"Sarpy County, NE",31153,2464,29.42,38.48,38.68,3355.35,26.67,12.03
2016-01-01,"Yolo County, CA",06113,2423,29.96,38.84,38.99,3378.56,27.11,12.49
2016-01-01,"Racine County, WI",55101,2417,28.07,38.32,38.58,3266.11,28.64,11.66
2016-01-01,"Union County, NC",37179,2415,29.39,38.57,38.81,3310.62,26.9,13.05
2016-01-01,"Warren County, OH",39165,2400,29.57,38.46,38.71,3328.16,26.42,12.36
2016-01-01,"Champaign County, IL",17019,2395,28.9,38.41,38.53,3274.38,27.32,12.69
2016-01-01,"Shelby County, AL",01117,2387,29.36,38.5,38.56,3300.62,26.84,10.9
2016-01-01,"Tippecanoe County, IN",18157,2359,28.04,38.6,38.69,3303.27,26.42,11.18
2016-01-01,"Madera County, CA",06039,2355,27.65,38.6,38.67,3310.46,28.14,11.11
2016-01-01,"Hawaii County, HI",15001,2349,28.56,38.41,38.71,3227.47,26.54,9.94
2016-01-01,"Bay County, FL",12005,2343,27.34,38.35,38.56,3262.0,27.09,10.79
2016-01-01,"Johnston County, NC",37101,2336,28.38,38.48,39.0,3292.53,27.87,12.3
2016-01-01,"Kenton County, KY",21117,2329,28.2,38.36,38.69,3271.33,26.75,11.35
2016-01-01,"Outagamie County, WI",55087,2319,29.27,38.43,38.68,3357.57,27.41,14.0
2016-01-01,"Anderson County, SC",45007,2318,26.95,38.33,38.65,3252.36,27.67,11.59
2016-01-01,"Sussex County, DE",10005,2301,28.05,38.56,38.6,3284.19,27.15,10.04
2016-01-01,"Forsyth County, GA",13117,2297,30.95,38.51,38.72,3329.19,25.61,12.39
2016-01-01,"Jackson County, OR",41029,2294,28.06,38.66,38.87,3344.44,26.56,11.16
2016-01-01,"Clermont County, OH",39025,2293,28.2,38.51,38.8,3329.04,27.21,12.8
2016-01-01,"Cache County, UT",49005,2286,27.98,38.31,38.44,3283.52,26.02,11.5
2016-01-01,"Whatcom County, WA",53073,2279,29.12,38.85,39.06,3417.67,26.33,11.7
2016-01-01,"Williamson County, TN",47187,2270,31.3,38.59,38.63,3385.8,24.68,10.97
2016-01-01,"Vanderburgh County, IN",18163,2269,27.24,38.1,38.27,3203.57,27.3,11.63
2016-01-01,"Marin County, CA",06041,2252,33.05,38.85,38.97,3348.21,24.36,10.71
2016-01-01,"Kings County, CA",06031,2248,27.11,38.53,38.7,3318.58,28.08,12.21
2016-01-01,"Baldwin County, AL",01003,2247,27.72,38.37,38.56,3287.43,26.7,11.5
2016-01-01,"Lackawanna County, PA",42069,2246,28.74,38.49,38.68,3264.98,26.51,11.2
2016-01-01,"Sangamon County, IL",17167,2245,28.38,38.22,38.42,3221.97,27.43,11.48
2016-01-01,"Ellis County, TX",48139,2244,27.64,38.44,38.64,3309.48,27.18,9.91
2016-01-01,"New Hanover County, NC",37129,2241,29.48,38.5,38.7,3282.77,25.76,12.51
2016-01-01,"Ouachita Parish, LA",22073,2224,26.61,37.85,37.95,3127.2,28.72,11.5
2016-01-01,"Scott County, IA",19163,2213,28.34,38.52,38.82,3340.33,27.25,12.69
2016-01-01,"Washington County, UT",49053,2210,28.15,38.49,38.61,3319.08,25.38,10.24
2016-01-01,"Saratoga County, NY",36091,2210,30.55,38.74,38.98,3364.75,26.98,12.22
2016-01-01,"Clay County, FL",12019,2209,27.96,38.38,38.61,3264.68,26.59,10.22
2016-01-01,"Bibb County, GA",13021,2191,26.8,37.91,38.39,3065.96,27.63,11.31
2016-01-01,"DeSoto County, MS",28033,2191,27.66,38.34,38.55,3249.84,27.37,11.13
2016-01-01,"Kent County, DE",10001,2190,27.7,38.53,38.68,3271.08,27.73,11.03
2016-01-01,"Saginaw County, MI",26145,2190,27.22,38.76,38.54,3222.94,28.35,11.25
2016-01-01,"Shawnee County, KS",20177,2189,27.61,38.45,38.45,3310.81,28.0,11.45
2016-01-01,"Lake County, OH",39085,2163,28.9,38.49,38.66,3289.19,26.76,11.21
2016-01-01,"Niagara County, NY",36063,2139,28.36,38.51,38.66,3289.15,28.23,10.1
2016-01-01,"Muskegon County, MI",26121,2127,26.92,38.3,38.6,3231.02,27.71,10.1
2016-01-01,"Olmsted County, MN",27109,2122,29.95,38.89,39.03,3373.77,26.62,9.19
2016-01-01,"St. Johns County, FL",12109,2120,30.29,38.58,38.82,3338.62,25.66,10.79
2016-01-01,"Trumbull County, OH",39155,2101,27.16,38.4,38.57,3235.54,27.37,12.27
2016-01-01,"Johnson County, TX",48251,2100,27.12,38.41,38.65,3324.37,27.27,9.64
2016-01-01,"Boone County, MO",29019,2093,29.01,38.67,38.59,3313.24,26.23,11.75
2016-01-01,"Delaware County, OH",39041,2079,31.27,38.65,38.83,3364.47,25.11,11.31
2016-01-01,"Licking County, OH",39089,2075,28.01,38.54,38.69,3321.98,27.11,10.68
2016-01-01,"Sumner County, TN",47165,2053,28.16,38.25,38.46,3290.22,26.69,10.37
2016-01-01,"Shasta County, CA",06089,2048,28.03,38.65,38.76,3322.05,26.46,10.88
2016-01-01,"Washington County, PA",42125,2044,28.79,38.58,38.79,3318.58,26.43,11.41
2016-01-01,"Stearns County, MN",27145,2038,28.77,38.77,38.87,3371.83,27.06,11.71
2016-01-01,"Taylor County, TX",48441,2037,26.85,38.16,38.32,3221.37,26.97,9.64
2016-01-01,"Pitt County, NC",37147,2023,27.99,38.25,38.54,3224.2,28.35,12.85
2016-01-01,"McLean County, IL",17113,2020,28.87,38.42,38.64,3285.22,26.54,11.91
2016-01-01,"Rock County, WI",55105,2003,27.91,38.49,38.74,3327.5,28.35,11.63
2016-01-01,"Broome County, NY",36007,1985,28.33,38.58,38.83,3316.19,27.75,11.49
2016-01-01,"Tangipahoa Parish, LA",22105,1984,26.59,38.17,38.24,3182.57,28.19,10.53
2016-01-01,"St. Louis County, MN",27137,1976,28.62,38.66,38.88,3347.92,27.08,11.63
2016-01-01,"Kanawha County, WV",54039,1968,27.22,37.88,38.15,3206.45,27.54,11.79
2016-01-01,"Aiken County, SC",45003,1965,27.55,38.33,38.57,3251.39,27.87,11.04
2016-01-01,"Beaufort County, SC",45013,1958,28.02,38.53,38.71,3264.58,26.76,11.94
2016-01-01,"Houston County, GA",13153,1956,27.77,38.22,38.57,3224.88,27.86,10.85
2016-01-01,"Kenosha County, WI",55059,1936,28.27,38.45,38.76,3274.14,27.84,12.15
2016-01-01,"Yellowstone County, MT",30111,1935,28.05,38.61,38.63,3273.38,27.39,12.07
2016-01-01,"Iredell County, NC",37097,1923,28.31,38.48,38.78,3271.8,27.13,11.77
2016-01-01,"Livingston Parish, LA",22063,1921,27.32,38.35,38.37,3272.8,27.98,10.81
2016-01-01,"Bonneville County, ID",16019,1910,27.53,38.38,38.36,3238.46,26.69,11.88
2016-01-01,"Santa Rosa County, FL",12113,1906,28.32,38.35,38.58,3315.42,26.38,11.25
2016-01-01,"Winnebago County, WI",55139,1905,28.75,38.53,38.74,3358.89,27.61,13.64
2016-01-01,"Lee County, AL",01081,1898,27.94,38.36,38.65,3230.87,26.82,12.13
2016-01-01,"York County, ME",23031,1898,29.12,38.61,38.85,3357.16,27.55,12.46
2016-01-01,"Scott County, MN",27139,1893,30.31,38.67,38.83,3394.21,26.67,12.36
2016-01-01,"Jefferson County, NY",36045,1891,26.99,38.67,38.91,3353.28,27.19,11.73
2016-01-01,"Potter County, TX",48375,1886,26.47,38.26,38.19,3166.43,27.35,10.07
2016-01-01,"Pueblo County, CO",08101,1883,27.1,38.4,38.48,3153.6,27.54,10.35
2016-01-01,"Maui County, HI",15009,1882,29.32,38.42,38.74,3217.85,25.96,9.47
2016-01-01,"Cumberland County, NJ",34011,1876,27.35,38.36,38.48,3196.49,27.67,10.3
2016-01-01,"Franklin County, PA",42055,1875,27.98,38.57,38.71,3314.87,26.79,11.25
2016-01-01,"Johnson County, IN",18081,1871,28.23,38.51,38.64,3319.93,27.38,11.98
2016-01-01,"Yavapai County, AZ",04025,1868,27.47,38.47,38.64,3238.14,26.41,11.55
2016-01-01,"Harnett County, NC",37085,1861,28.04,38.35,38.65,3266.52,26.98,11.1
2016-01-01,"Johnson County, IA",19103,1857,30.34,38.7,38.85,3341.78,25.82,11.15
2016-01-01,"Alamance County, NC",37001,1856,27.95,38.42,38.64,3239.66,27.7,11.42
2016-01-01,"Guadalupe County, TX",48187,1847,28.41,38.18,38.35,3240.05,27.33,10.68
2016-01-01,"Rapides Parish, LA",22079,1840,26.42,38.19,37.65,3163.98,27.55,10.64
2016-01-01,"Butler County, PA",42019,1833,29.54,38.63,38.83,3343.03,26.02,12.21
2016-01-01,"Columbia County, GA",13073,1831,29.13,38.44,38.86,3299.37,26.29,11.25
2016-01-01,"Medina County, OH",39103,1816,29.92,38.68,38.87,3345.96,25.89,11.83
2016-01-01,"Charles County, MD",24017,1812,29.19,38.37,38.47,3229.77,27.87,10.47
2016-01-01,"Greene County, OH",39057,1808,28.82,38.38,38.56,3310.43,26.93,11.86
2016-01-01,"Deschutes County, OR",41017,1806,29.53,38.98,38.95,3306.82,25.56,11.28
2016-01-01,"Mohave County, AZ",04015,1802,26.55,38.57,38.77,3266.55,26.95,10.76
2016-01-01,"Rankin County, MS",28121,1802,27.93,38.14,38.28,3259.23,28.04,13.16
2016-01-01,"Dorchester County, SC",45035,1800,28.47,38.43,38.64,3271.46,27.99,11.83
2016-01-01,"Wright County, MN",27171,1787,29.9,38.53,38.82,3404.17,27.36,11.88
2016-01-01,"Livingston County, MI",26093,1783,30.11,38.68,38.93,3372.49,26.14,14.49
2016-01-01,"Canadian County, OK",40017,1781,28.21,38.45,38.59,3374.48,27.07,10.22
2016-01-01,"Jackson County, MI",26075,1778,27.27,38.52,38.71,3299.43,27.86,11.93
2016-01-01,"Rock Island County, IL",17161,1776,27.45,38.54,38.72,3296.96,27.73,12.04
2016-01-01,"Robeson County, NC",37155,1775,26.29,38.46,38.6,3137.95,28.59,10.24
2016-01-01,"Davidson County, NC",37057,1771,27.12,38.18,38.78,3236.51,27.97,14.26
2016-01-01,"Schenectady County, NY",36093,1770,29.06,38.58,38.76,3280.83,28.29,11.88
2016-01-01,"Mesa County, CO",08077,1770,27.52,38.78,38.88,3249.2,26.27,9.85
2016-01-01,"Hendricks County, IN",18063,1760,29.45,38.5,38.64,3330.54,27.0,11.92
2016-01-01,"Comanche County, OK",40031,1757,26.62,38.32,38.45,3249.2,26.82,10.94
2016-01-01,"Kootenai County, ID",16055,1754,28.01,38.75,39.03,3353.5,25.91,12.35
2016-01-01,"Bossier Parish, LA",22015,1751,27.59,38.0,38.16,3179.57,26.84,11.99
2016-01-01,"Ascension Parish, LA",22005,1751,28.34,38.23,38.26,3224.2,28.04,10.82
2016-01-01,"Porter County, IN",18127,1750,28.79,38.52,38.58,3315.84,27.04,10.46
2016-01-01,"Gregg County, TX",48183,1743,26.64,38.11,38.32,3209.08,27.11,10.62
2016-01-01,"Carroll County, MD",24013,1737,29.91,38.66,38.88,3343.68,26.35,10.01
2016-01-01,"Hampton city, VA",51650,1727,27.66,38.41,38.62,3235.61,27.95,11.57
2016-01-01,"San Juan County, NM",35045,1726,27.26,38.58,38.48,3226.53,27.62,9.42
2016-01-01,"Rensselaer County, NY",36083,1726,28.9,38.7,38.92,3350.65,28.35,11.67
2016-01-01,"Sebastian County, AR",05131,1721,26.67,38.47,38.58,3286.63,27.95,9.25
2016-01-01,"Berrien County, MI",26021,1720,27.45,38.68,38.79,3308.99,28.12,11.66
2016-01-01,"Stafford County, VA",51179,1711,29.53,38.46,38.78,3326.35,26.89,11.75
2016-01-01,"Washington County, MD",24043,1694,28.02,38.48,38.64,3254.73,27.38,11.44
2016-01-01,"Douglas County, GA",13097,1693,28.27,38.35,38.44,3193.2,27.86,12.0
2016-01-01,"Boone County, KY",21015,1681,28.92,38.36,38.71,3311.64,26.4,11.83
2016-01-01,"Beaver County, PA",42007,1676,28.72,38.69,38.93,3310.37,26.83,11.25
2016-01-01,"Black Hawk County, IA",19013,1671,27.72,38.59,38.9,3352.22,27.21,11.82
2016-01-01,"Jasper County, MO",29097,1669,26.43,38.55,38.63,3329.79,27.23,11.35
2016-01-01,"Catawba County, NC",37035,1664,27.27,38.6,38.81,3284.67,27.12,13.98
2016-01-01,"Kaufman County, TX",48257,1663,27.74,38.36,38.57,3265.62,27.15,10.15
2016-01-01,"Calhoun County, MI",26025,1660,26.92,38.71,38.92,3288.7,28.12,14.55
2016-01-01,"Florence County, SC",45041,1657,27.47,38.16,38.23,3117.41,28.2,12.05
2016-01-01,"Rowan County, NC",37159,1651,27.01,38.31,38.51,3188.09,27.45,11.2
2016-01-01,"Jackson County, MS",28059,1651,26.93,38.1,38.33,3183.62,27.11,12.08
2016-01-01,"Paulding County, GA",13223,1644,28.56,38.45,38.66,3312.76,27.22,13.32
2016-01-01,"Randall County, TX",48381,1640,27.72,38.54,38.57,3246.45,26.63,10.96
2016-01-01,"Warren County, KY",21227,1640,27.7,38.36,38.56,3266.96,26.85,9.99
2016-01-01,"Wayne County, NC",37191,1636,27.42,38.51,38.74,3266.33,27.72,11.39
2016-01-01,"Marathon County, WI",55073,1635,28.88,38.64,38.78,3362.92,28.64,11.35
2016-01-01,"Coweta County, GA",13077,1634,28.33,38.35,38.57,3265.52,26.89,11.84
2016-01-01,"Wichita County, TX",48485,1631,26.74,38.46,38.49,3283.7,27.11,11.65
2016-01-01,"Fairfield County, OH",39045,1629,28.39,38.34,38.56,3288.56,26.82,11.39
2016-01-01,"Carroll County, GA",13045,1615,26.61,38.55,38.7,3259.19,27.48,11.0
2016-01-01,"Coconino County, AZ",04005,1612,28.09,38.65,38.72,3245.92,26.53,11.03
2016-01-01,"Lowndes County, GA",13185,1605,26.88,38.04,38.37,3177.82,28.25,12.35
2016-01-01,"El Dorado County, CA",06017,1601,30.09,38.78,38.91,3324.07,25.48,11.12
2016-01-01,"Barnstable County, MA",25001,1601,29.9,38.76,38.88,3354.59,25.82,10.71
2016-01-01,"Randolph County, NC",37151,1600,27.16,38.44,38.73,3290.75,27.43,12.39
2016-01-01,"Kendall County, IL",17093,1595,30.25,38.33,38.57,3309.74,27.54,12.12
2016-01-01,"Lebanon County, PA",42075,1592,27.95,38.58,38.67,3286.55,26.57,11.78
2016-01-01,"St. Clair County, MI",26147,1589,27.71,38.49,38.74,3306.29,27.62,11.28
2016-01-01,"Hernando County, FL",12053,1585,27.32,38.45,38.76,3247.24,26.71,10.92
2016-01-01,"Terrebonne Parish, LA",22109,1570,27.12,38.02,38.32,3171.38,28.65,12.49
2016-01-01,"Kent County, RI",44003,1565,29.93,38.6,38.85,3320.95,26.5,12.72
2016-01-01,"Tom Green County, TX",48451,1556,26.87,38.18,38.36,3230.99,27.41,11.33
2016-01-01,"Chittenden County, VT",50007,1552,30.84,38.86,39.09,3367.68,25.92,12.24
2016-01-01,"Woodbury County, IA",19193,1549,27.53,38.42,38.56,3300.82,27.46,12.25
2016-01-01,"Grayson County, TX",48181,1543,26.71,38.34,38.49,3244.82,27.1,10.86
2016-01-01,"Spotsylvania County, VA",51177,1542,28.77,38.52,38.81,3317.47,27.07,11.7
2016-01-01,"Parker County, TX",48367,1538,28.03,38.52,38.66,3298.92,26.38,10.24
2016-01-01,"Faulkner County, AR",05045,1534,27.2,38.65,38.73,3336.01,26.58,11.09
2016-01-01,"Clark County, OH",39023,1532,26.17,38.16,38.41,3252.96,28.03,10.39
2016-01-01,"Cochise County, AZ",04003,1529,27.25,38.59,38.59,3243.1,26.73,9.2
2016-01-01,"Wilson County, TN",47189,1527,28.52,38.28,38.32,3274.49,26.6,11.96
2016-01-01,"Monroe County, MI",26115,1526,28.11,38.34,38.49,3301.6,28.0,12.49
2016-01-01,"Linn County, OR",41043,1521,27.51,38.72,39.04,3375.32,27.92,11.5
2016-01-01,"Skagit County, WA",53057,1515,28.54,38.82,38.92,3393.04,27.61,10.02
2016-01-01,"Madison County, IN",18095,1506,26.75,38.37,38.47,3277.58,28.02,11.63
2016-01-01,"Navajo County, AZ",04017,1497,27.12,38.38,38.52,3195.04,28.03,9.98
2016-01-01,"Tazewell County, IL",17179,1496,28.45,38.61,38.83,3398.91,27.5,12.45
2016-01-01,"Sullivan County, TN",47163,1492,27.35,38.52,38.51,3267.47,27.12,10.06
2016-01-01,"Wayne County, OH",39169,1487,28.14,38.81,38.93,3387.66,26.95,10.32
2016-01-01,"Penobscot County, ME",23019,1483,28.26,38.63,38.75,3374.66,27.84,13.07
2016-01-01,"Ulster County, NY",36111,1482,29.51,38.86,39.08,3358.29,27.64,11.16
2016-01-01,"Humboldt County, CA",06023,1482,29.03,38.92,39.09,3388.72,26.81,12.78
2016-01-01,"Unidentified Counties, NJ",34999,1479,28.61,38.73,38.85,3340.33,26.72,10.49
2016-01-01,"Monroe County, PA",42089,1477,28.75,38.46,38.6,3226.25,27.43,10.32
2016-01-01,"Pennington County, SD",46103,1471,27.48,38.45,38.62,3297.29,26.25,10.24
2016-01-01,"Morgan County, AL",01103,1470,26.78,38.26,38.23,3224.74,27.5,11.04
2016-01-01,"Sandoval County, NM",35043,1464,28.35,38.27,38.5,3156.95,27.28,9.85
2016-01-01,"Comal County, TX",48091,1448,28.66,38.3,38.39,3279.58,26.56,10.38
2016-01-01,"Clark County, IN",18019,1448,27.6,38.3,38.55,3250.96,28.05,10.88
2016-01-01,"Portage County, OH",39133,1441,28.69,38.47,38.68,3289.68,26.74,11.98
2016-01-01,"Hardin County, KY",21093,1441,26.67,38.44,38.68,3282.68,29.33,10.12
2016-01-01,"Craven County, NC",37049,1438,26.92,38.65,38.84,3286.77,27.16,12.53
2016-01-01,"St. Mary's County, MD",24037,1425,28.72,38.62,38.83,3379.42,27.44,11.76
2016-01-01,"Whitfield County, GA",13313,1424,26.98,38.26,38.65,3270.21,28.92,12.64
2016-01-01,"Litchfield County, CT",09005,1422,30.37,38.77,38.81,3340.43,26.51,12.2
2016-01-01,"Napa County, CA",06055,1406,30.46,38.77,38.9,3372.17,26.89,12.66
2016-01-01,"Berkeley County, WV",54003,1393,27.53,38.57,38.84,3314.59,27.7,11.28
2016-01-01,"Clarke County, GA",13059,1392,28.2,38.25,38.35,3211.45,27.33,10.31
2016-01-01,"Sumter County, SC",45085,1375,27.03,38.31,38.37,3185.7,29.16,10.83
2016-01-01,"Schuylkill County, PA",42107,1367,27.8,38.54,38.8,3281.93,27.27,11.63
2016-01-01,"Wood County, OH",39173,1365,28.63,38.36,38.58,3306.75,27.12,12.4
2016-01-01,"Allegan County, MI",26005,1364,27.88,38.59,38.78,3392.31,27.59,11.36
2016-01-01,"Calhoun County, AL",01015,1357,26.46,38.27,38.45,3186.59,28.26,11.01
2016-01-01,"Cambria County, PA",42021,1357,27.91,38.52,38.86,3248.04,27.17,10.87
2016-01-01,"Kankakee County, IL",17091,1354,27.77,38.19,38.4,3226.91,28.29,10.85
2016-01-01,"Fayette County, PA",42051,1351,27.29,38.5,38.67,3244.88,27.17,12.03
2016-01-01,"Chautauqua County, NY",36013,1345,26.85,38.51,38.78,3300.48,27.37,11.36
2016-01-01,"Bartow County, GA",13015,1338,27.26,38.48,38.87,3307.74,28.34,12.35
2016-01-01,"Houston County, AL",01069,1333,26.95,38.29,38.27,3181.58,28.5,11.61
2016-01-01,"Washington County, WI",55131,1331,29.87,38.52,38.71,3357.22,26.94,13.05
2016-01-01,"Oswego County, NY",36075,1331,27.16,38.77,39.05,3339.93,28.93,12.96
2016-01-01,"Richland County, OH",39139,1328,26.69,38.34,38.59,3253.41,27.04,11.6
2016-01-01,"Macon County, IL",17115,1327,26.86,38.21,38.39,3230.54,28.4,11.54
2016-01-01,"Saline County, AR",05125,1326,27.9,38.36,38.87,3286.18,25.4,10.91
2016-01-01,"La Porte County, IN",18091,1305,26.91,38.5,38.6,3256.85,28.02,9.83
2016-01-01,"Monroe County, IN",18105,1301,29.04,38.78,38.86,3369.24,26.45,12.31
2016-01-01,"Washington County, TN",47179,1292,27.59,38.33,38.39,3260.67,26.85,10.42
2016-01-01,"Santa Fe County, NM",35049,1290,28.73,38.58,38.75,3098.1,25.68,9.32
2016-01-01,"Vigo County, IN",18167,1288,26.71,38.34,38.5,3271.03,27.61,10.93
2016-01-01,"Cowlitz County, WA",53015,1285,27.1,38.78,38.97,3366.18,28.09,12.91
2016-01-01,"Merrimack County, NH",33013,1284,29.45,38.89,39.06,3379.21,27.12,12.11
2016-01-01,"Middlesex County, CT",09007,1277,31.22,38.72,38.86,3364.96,26.25,12.99
2016-01-01,"Martin County, FL",12085,1273,29.17,38.65,38.81,3281.01,26.06,11.08
2016-01-01,"Blair County, PA",42013,1270,27.76,38.82,39.07,3334.55,27.09,11.25
2016-01-01,"LaSalle County, IL",17099,1262,27.96,38.44,38.74,3286.59,27.33,12.82
2016-01-01,"Allen County, OH",39003,1257,26.96,38.14,38.15,3229.75,28.28,11.73
2016-01-01,"Sheboygan County, WI",55117,1257,28.74,38.59,38.78,3331.84,27.63,12.14
2016-01-01,"Franklin County, MO",29071,1248,27.77,38.35,38.65,3304.0,27.51,11.74
2016-01-01,"Androscoggin County, ME",23001,1247,27.81,38.79,39.01,3328.66,28.28,12.11
2016-01-01,"Indian River County, FL",12061,1245,28.17,38.37,38.65,3246.83,27.23,12.65
2016-01-01,"Blount County, TN",47009,1229,27.23,38.4,38.63,3301.4,26.74,12.99
2016-01-01,"Miami County, OH",39109,1227,27.73,38.58,38.78,3347.35,26.58,12.15
2016-01-01,"Pickens County, SC",45077,1225,27.14,38.56,38.74,3296.42,27.45,13.51
2016-01-01,"Lycoming County, PA",42081,1222,27.83,38.5,38.79,3322.78,27.17,11.3
2016-01-01,"Etowah County, AL",01055,1214,26.33,38.45,38.64,3239.61,28.13,9.9
2016-01-01,"Strafford County, NH",33017,1211,29.36,38.71,38.94,3357.23,27.13,12.58
2016-01-01,"Centre County, PA",42027,1208,29.83,39.0,39.15,3370.81,25.53,13.13
2016-01-01,"La Crosse County, WI",55063,1188,29.22,38.77,38.73,3335.25,27.0,12.19
2016-01-01,"Missoula County, MT",30063,1187,28.98,38.7,38.99,3300.53,25.57,11.01
2016-01-01,"Sussex County, NJ",34037,1180,30.77,38.61,38.84,3344.27,27.02,11.1
2016-01-01,"Douglas County, KS",20045,1177,29.39,38.49,38.5,3300.38,26.63,11.91
2016-01-01,"Tolland County, CT",09013,1175,30.82,38.67,38.8,3344.41,25.98,11.89
2016-01-01,"Delaware County, IN",18035,1174,26.87,38.44,38.5,3248.95,27.83,11.62
2016-01-01,"Orange County, NC",37135,1166,30.74,38.68,38.86,3315.33,25.42,11.56
2016-01-01,"Mercer County, PA",42085,1165,27.54,38.53,38.83,3293.94,26.77,11.31
2016-01-01,"Kennebec County, ME",23011,1164,27.86,38.66,38.94,3360.34,28.27,13.02
2016-01-01,"Eaton County, MI",26045,1139,28.26,38.61,38.85,3306.55,27.32,13.54
2016-01-01,"Cecil County, MD",24015,1106,28.04,38.38,38.62,3315.62,27.77,11.11
2016-01-01,"Windham County, CT",09015,1102,28.43,38.54,38.73,3314.74,27.24,11.79
2016-01-01,"DeKalb County, IL",17037,1093,28.85,38.41,38.7,3301.27,27.89,11.89
2016-01-01,"Henderson County, NC",37089,1089,28.14,38.37,38.6,3254.78,26.42,12.24
2016-01-01,"Douglas County, OR",41019,1087,27.18,38.78,38.95,3352.18,26.8,13.87
2016-01-01,"St. Lawrence County, NY",36089,1083,27.91,38.85,39.07,3372.82,29.04,10.7
2016-01-01,"Ashtabula County, OH",39007,1075,26.99,38.38,38.66,3241.44,27.62,9.69
2016-01-01,"Columbiana County, OH",39029,1070,26.66,38.45,38.67,3279.03,27.12,12.01
2016-01-01,"Citrus County, FL",12017,1064,26.83,38.56,38.72,3312.99,26.95,10.12
2016-01-01,"Bay County, MI",26017,1061,27.82,38.85,38.96,3376.93,28.2,12.72
2016-01-01,"Charlotte County, FL",12015,1037,27.64,38.3,38.29,3197.55,26.39,10.13
2016-01-01,"Fond du Lac County, WI",55039,1031,28.56,38.43,38.68,3339.67,28.58,10.11
2016-01-01,"Unidentified Counties, RI",44999,1029,31.03,38.76,38.9,3307.5,25.8,13.05
2016-01-01,"Berkshire County, MA",25003,1027,29.19,38.83,38.87,3273.61,26.37,11.49
2016-01-01,"Hampshire County, MA",25015,1009,31.08,38.92,39.03,3369.7,25.54,12.31
2016-01-01,"Ontario County, NY",36069,997,29.2,38.67,38.93,3383.88,27.14,11.34
2016-01-01,"Brunswick County, NC",37019,978,27.86,38.45,38.45,3246.81,27.23,11.61
2016-01-01,"Walworth County, WI",55127,967,28.86,38.59,38.84,3344.25,27.72,11.69
2016-01-01,"Unidentified Counties, MA",25999,959,30.46,39.0,39.08,3372.7,26.35,13.13
2016-01-01,"Warren County, NJ",34041,958,30.27,38.51,38.66,3277.69,26.56,11.54
2016-01-01,"Washington County, RI",44009,929,30.67,38.59,38.78,3329.87,25.84,13.11
2016-01-01,"Hunterdon County, NJ",34019,927,32.06,38.7,38.83,3357.23,25.82,12.49
2016-01-01,"Adams County, PA",42001,922,28.19,38.47,38.74,3300.06,27.58,11.48
2016-01-01,"Fayette County, GA",13113,911,30.47,38.42,38.62,3287.8,26.05,11.98
2016-01-01,"Unidentified Counties, HI",15999,845,29.18,38.59,38.79,3220.83,25.83,11.28
2016-01-01,"Tompkins County, NY",36109,787,30.49,38.92,39.04,3369.37,25.94,11.88